"","Fecha","AAPL.MX.Close"
"1",2020-04-06,1597.33996582031
"2",2020-04-07,1584.27001953125
"3",2020-04-08,1598.40502929688
"4",2020-04-13,1612.18005371094
"5",2020-04-14,1684.70495605469
"6",2020-04-15,1710.48254394531
"7",2020-04-16,1733.75500488281
"8",2020-04-17,1676.5224609375
"9",2020-04-20,1673.28747558594
"10",2020-04-21,1640.17248535156
"11",2020-04-22,1692.40246582031
"12",2020-04-23,1706.1474609375
"13",2020-04-24,1764.22253417969
"14",2020-04-27,1751.30749511719
"15",2020-04-28,1701.49255371094
"16",2020-04-29,1716.33996582031
"17",2020-04-30,1763.43505859375
"18",2020-05-04,1766.1650390625
"19",2020-05-05,1789.15747070312
"20",2020-05-06,1831.625
"21",2020-05-07,1825.92504882812
"22",2020-05-08,1840.27746582031
"23",2020-05-11,1886.51745605469
"24",2020-05-12,1896.94750976562
"25",2020-05-13,1853.2099609375
"26",2020-05-14,1837.64245605469
"27",2020-05-15,1838.11755371094
"28",2020-05-18,1871.61499023438
"29",2020-05-19,1861.25
"30",2020-05-20,1845.6875
"31",2020-05-21,1816.59997558594
"32",2020-05-22,1812.92749023438
"33",2020-05-25,1805.26000976562
"34",2020-05-26,1758.93249511719
"35",2020-05-27,1772.21496582031
"36",2020-05-28,1770.72998046875
"37",2020-05-29,1776.3974609375
"38",2020-06-01,1774.23754882812
"39",2020-06-02,1752.83752441406
"40",2020-06-03,1770.21496582031
"41",2020-06-04,1764.23999023438
"42",2020-06-05,1788.42749023438
"43",2020-06-08,1795.74755859375
"44",2020-06-09,1877.9150390625
"45",2020-06-10,1920.76245117188
"46",2020-06-11,1913.21252441406
"47",2020-06-12,1893.71252441406
"48",2020-06-15,1902.21496582031
"49",2020-06-16,1959.74755859375
"50",2020-06-17,1970.61254882812
"51",2020-06-18,1999.92004394531
"52",2020-06-19,1962.95495605469
"53",2020-06-22,2017.125
"54",2020-06-23,2061.32250976562
"55",2020-06-24,2047.57250976562
"56",2020-06-25,2066.1201171875
"57",2020-06-26,2051.47241210938
"58",2020-06-29,2083.78491210938
"59",2020-06-30,2099.80249023438
"60",2020-07-01,2073.64501953125
"61",2020-07-02,2052.26489257812
"62",2020-07-03,2081.42749023438
"63",2020-07-06,2090.31494140625
"64",2020-07-07,2131.77001953125
"65",2020-07-08,2161.25
"66",2020-07-09,2161.10498046875
"67",2020-07-10,2150.8701171875
"68",2020-07-13,2172.91748046875
"69",2020-07-14,2180.1875
"70",2020-07-15,2179.24755859375
"71",2020-07-16,2169.02758789062
"72",2020-07-17,2183.830078125
"73",2020-07-20,2212.05249023438
"74",2020-07-21,2170
"75",2020-07-22,2177.24243164062
"76",2020-07-23,2087.6923828125
"77",2020-07-24,2063.82250976562
"78",2020-07-27,2083.79248046875
"79",2020-07-28,2052.49243164062
"80",2020-07-29,2087.86743164062
"81",2020-07-30,2123.77001953125
"82",2020-07-31,2364.18994140625
"83",2020-08-03,2465.04248046875
"84",2020-08-04,2491.86743164062
"85",2020-08-05,2459.15747070312
"86",2020-08-06,2549.5849609375
"87",2020-08-07,2489.02490234375
"88",2020-08-10,2532.69506835938
"89",2020-08-11,2454.72241210938
"90",2020-08-12,2522.8974609375
"91",2020-08-13,2555.54248046875
"92",2020-08-14,2520.42260742188
"93",2020-08-17,2543.09008789062
"94",2020-08-18,2558.01245117188
"95",2020-08-19,2569.11499023438
"96",2020-08-20,2615.97998046875
"97",2020-08-21,2731.3701171875
"98",2020-08-24,2766.0224609375
"99",2020-08-25,2735.26000976562
"100",2020-08-26,2768.40991210938
"101",2020-08-27,2774.5224609375
"102",2020-08-28,2738.38500976562
"103",2020-08-31,2847.6298828125
"104",2020-09-01,2923.57006835938
"105",2020-09-02,2858.30004882812
"106",2020-09-03,2631.80004882812
"107",2020-09-04,2616.48999023438
"108",2020-09-07,2692.55004882812
"109",2020-09-08,2470.46997070312
"110",2020-09-09,2508.22998046875
"111",2020-09-10,2445.02001953125
"112",2020-09-11,2378.72998046875
"113",2020-09-14,2435.64990234375
"114",2020-09-15,2431.27001953125
"115",2020-09-17,2301.8798828125
"116",2020-09-18,2267.25
"117",2020-09-21,2344.67993164062
"118",2020-09-22,2435.09008789062
"119",2020-09-23,2406.06005859375
"120",2020-09-24,2399.61010742188
"121",2020-09-25,2501.17993164062
"122",2020-09-28,2572.6201171875
"123",2020-09-29,2556.77001953125
"124",2020-09-30,2566.28002929688
"125",2020-10-01,2539.92993164062
"126",2020-10-02,2457.23999023438
"127",2020-10-05,2489.30004882812
"128",2020-10-06,2456.03002929688
"129",2020-10-07,2476.6298828125
"130",2020-10-08,2459.32006835938
"131",2020-10-09,2459.32006835938
"132",2020-10-12,2638.9599609375
"133",2020-10-13,2594.10009765625
"134",2020-10-14,2592.9599609375
"135",2020-10-15,2573.25
"136",2020-10-16,2520.169921875
"137",2020-10-19,2520.169921875
"138",2020-10-20,2484.669921875
"139",2020-10-21,2476.6298828125
"140",2020-10-22,2437.98999023438
"141",2020-10-23,2399.830078125
"142",2020-10-26,2399.75
"143",2020-10-27,2447.34008789062
"144",2020-10-28,2377.1201171875
"145",2020-10-29,2480.72998046875
"146",2020-10-30,2303.7900390625
"147",2020-11-03,2357.919921875
"148",2020-11-04,2419.78002929688
"149",2020-11-05,2461.5
"150",2020-11-06,2440.580078125
"151",2020-11-09,2386.71997070312
"152",2020-11-10,2371.85009765625
"153",2020-11-11,2448.28002929688
"154",2020-11-12,2460.32006835938
"155",2020-11-13,2435.56005859375
"156",2020-11-17,2426.919921875
"157",2020-11-18,2405.47998046875
"158",2020-11-19,2385.77001953125
"159",2020-11-20,2358.69995117188
"160",2020-11-23,2299.330078125
"161",2020-11-24,2309.85009765625
"162",2020-11-25,2319.38989257812
"163",2020-11-26,2339.85009765625
"164",2020-11-27,2334.1298828125
"165",2020-11-30,2417.6201171875
"166",2020-12-01,2459.2099609375
"167",2020-12-02,2463.26000976562
"168",2020-12-03,2445.36010742188
"169",2020-12-04,2411.71997070312
"170",2020-12-07,2454.25
"171",2020-12-08,2466.46997070312
"172",2020-12-09,2419.9599609375
"173",2020-12-10,2469.10009765625
"174",2020-12-11,2459.419921875
"175",2020-12-14,2465.7900390625
"176",2020-12-15,2540.2099609375
"177",2020-12-16,2542.8798828125
"178",2020-12-17,2548.80004882812
"179",2020-12-18,2526.2900390625
"180",2020-12-21,2553.76000976562
"181",2020-12-22,2657.75
"182",2020-12-23,2633.23999023438
"183",2020-12-24,2620.1298828125
"184",2020-12-28,2742.44995117188
"185",2020-12-29,2689.5400390625
"186",2020-12-30,2667.22998046875
"187",2020-12-31,2641.51000976562
"188",2021-01-04,2585.11010742188
"189",2021-01-05,2605.14990234375
"190",2021-01-06,2492.53002929688
"191",2021-01-07,2630.30004882812
"192",2021-01-08,2637.96997070312
"193",2021-01-11,2587.27001953125
"194",2021-01-12,2551.9599609375
"195",2021-01-13,2598.3701171875
"196",2021-01-14,2540.57006835938
"197",2021-01-15,2519
"198",2021-01-18,2540.01000976562
"199",2021-01-19,2514.25
"200",2021-01-20,2591.57006835938
"201",2021-01-21,2701.65991210938
"202",2021-01-22,2784.6298828125
"203",2021-01-25,2871.3798828125
"204",2021-01-26,2857.14990234375
"205",2021-01-27,2872.7900390625
"206",2021-01-28,2780.03002929688
"207",2021-01-29,2719.81005859375
"208",2021-02-02,2726.81005859375
"209",2021-02-03,2714.07006835938
"210",2021-02-04,2801.30004882812
"211",2021-02-05,2747.10009765625
"212",2021-02-08,2743.81005859375
"213",2021-02-09,2734.830078125
"214",2021-02-10,2710.03002929688
"215",2021-02-11,2690.3798828125
"216",2021-02-12,2699.3798828125
"217",2021-02-15,2698.97998046875
"218",2021-02-16,2686.07006835938
"219",2021-02-17,2647.65991210938
"220",2021-02-18,2639.05004882812
"221",2021-02-19,2659.78002929688
"222",2021-02-22,2619.35009765625
"223",2021-02-23,2588.98999023438
"224",2021-02-24,2548.080078125
"225",2021-02-25,2544.40991210938
"226",2021-02-26,2585.77001953125
"227",2021-03-01,2635.14990234375
"228",2021-03-02,2580.57006835938
"229",2021-03-03,2562.68994140625
"230",2021-03-04,2535.78002929688
"231",2021-03-05,2590.43994140625
"232",2021-03-08,2514
"233",2021-03-09,2568.14990234375
"234",2021-03-10,2511.39990234375
"235",2021-03-11,2512.02001953125
"236",2021-03-12,2507.11010742188
"237",2021-03-16,2590.65991210938
"238",2021-03-17,2544.63989257812
"239",2021-03-18,2470.05004882812
"240",2021-03-19,2470.2099609375
"241",2021-03-22,2542.81005859375
"242",2021-03-23,2544.75
"243",2021-03-24,2522.92993164062
"244",2021-03-25,2493.169921875
"245",2021-03-26,2481.14990234375
"246",2021-03-29,2505.22998046875
"247",2021-03-30,2465.919921875
"248",2021-03-31,2504.31005859375
"249",2021-04-05,2557.43994140625
"250",2021-04-06,2548
"251",2021-04-07,2581.53002929688
"252",2021-04-08,2616.25
"253",2021-04-09,2676.67993164062
"254",2021-04-12,2644.25
"255",2021-04-13,2704
"256",2021-04-14,2649.26000976562
"257",2021-04-15,2679.18994140625
"258",2021-04-16,2669.86010742188
"259",2021-04-19,2666.88989257812
"260",2021-04-20,2656.35009765625
"261",2021-04-21,2658.59008789062
"262",2021-04-22,2634.35009765625
"263",2021-04-23,2671.80004882812
"264",2021-04-26,2677.13989257812
"265",2021-04-27,2697.5400390625
"266",2021-04-28,2665.3798828125
"267",2021-04-29,2673.23999023438
"268",2021-04-30,2662.7099609375
"269",2021-05-03,2672.09008789062
"270",2021-05-04,2579.88989257812
"271",2021-05-05,2604.48999023438
"272",2021-05-06,2600.39990234375
"273",2021-05-07,2593.94995117188
"274",2021-05-10,2534.92993164062
"275",2021-05-11,2514.57006835938
"276",2021-05-12,2468.96997070312
"277",2021-05-13,2504.44995117188
"278",2021-05-14,2539.169921875
"279",2021-05-17,2485.830078125
"280",2021-05-18,2479.01000976562
"281",2021-05-19,2482.64990234375
"282",2021-05-20,2531.2900390625
"283",2021-05-21,2506.25
"284",2021-05-24,2528.17993164062
"285",2021-05-25,2526.6298828125
"286",2021-05-26,2518.9599609375
"287",2021-05-27,2511.25
"288",2021-05-28,2489.15991210938
"289",2021-05-31,2500
"290",2021-06-01,2484.35009765625
"291",2021-06-02,2486.35009765625
"292",2021-06-03,2488.59008789062
"293",2021-06-04,2506.5400390625
"294",2021-06-07,2497.10009765625
"295",2021-06-08,2500.76000976562
"296",2021-06-09,2506.72998046875
"297",2021-06-10,2486.51000976562
"298",2021-06-11,2528.5400390625
"299",2021-06-14,2594.80004882812
"300",2021-06-15,2600.53002929688
"301",2021-06-16,2641.30004882812
"302",2021-06-17,2701.09008789062
"303",2021-06-18,2698.5400390625
"304",2021-06-21,2706.77001953125
"305",2021-06-22,2726.36010742188
"306",2021-06-23,2700.55004882812
"307",2021-06-24,2653.80004882812
"308",2021-06-25,2636.1298828125
"309",2021-06-28,2669.6201171875
"310",2021-06-29,2699.75
"311",2021-06-30,2730.80004882812
"312",2021-07-01,2740.34008789062
"313",2021-07-02,2764.85009765625
"314",2021-07-05,2755
"315",2021-07-06,2842.65991210938
"316",2021-07-07,2885.6298828125
"317",2021-07-08,2858.419921875
"318",2021-07-09,2879.61010742188
"319",2021-07-12,2871.03002929688
"320",2021-07-13,2924.28002929688
"321",2021-07-14,2960.14990234375
"322",2021-07-15,2956.80004882812
"323",2021-07-16,2909.22998046875
"324",2021-07-19,2851.01000976562
"325",2021-07-20,2951.830078125
"326",2021-07-21,2927.82006835938
"327",2021-07-22,2949.669921875
"328",2021-07-23,2980.69995117188
"329",2021-07-26,2985.7099609375
"330",2021-07-27,2926.580078125
"331",2021-07-28,2892.43994140625
"332",2021-07-29,2891.47998046875
"333",2021-07-30,2905.64990234375
"334",2021-08-02,2897.38989257812
"335",2021-08-03,2928.35009765625
"336",2021-08-04,2942.1201171875
"337",2021-08-05,2923.35009765625
"338",2021-08-06,2927.17993164062
"339",2021-08-09,2932.57006835938
"340",2021-08-10,2921.92993164062
"341",2021-08-11,2906.5400390625
"342",2021-08-12,2966.44995117188
"343",2021-08-13,2958.57006835938
"344",2021-08-16,3002.51000976562
"345",2021-08-17,3001.77001953125
"346",2021-08-18,2935.07006835938
"347",2021-08-19,2960.18994140625
"348",2021-08-20,3014.57006835938
"349",2021-08-23,3044.80004882812
"350",2021-08-24,3023.01000976562
"351",2021-08-25,3010.580078125
"352",2021-08-26,3008.23999023438
"353",2021-08-27,2998.15991210938
"354",2021-08-30,3085.05004882812
"355",2021-08-31,3053.90991210938
"356",2021-09-01,3049.8798828125
"357",2021-09-02,3065.88989257812
"358",2021-09-03,3073.11010742188
"359",2021-09-06,3096.7099609375
"360",2021-09-07,3127.80004882812
"361",2021-09-08,3084.92993164062
"362",2021-09-09,3074.34008789062
"363",2021-09-10,2964.11010742188
"364",2021-09-13,2970.32006835938
"365",2021-09-14,2950.72998046875
"366",2021-09-15,2963.419921875
"367",2021-09-17,2922.60009765625
"368",2021-09-20,2870.67993164062
"369",2021-09-21,2895.61010742188
"370",2021-09-22,2930.71997070312
"371",2021-09-23,2941.42993164062
"372",2021-09-24,2952.69995117188
"373",2021-09-27,2924
"374",2021-09-28,2895.13989257812
"375",2021-09-29,2936.0400390625
"376",2021-09-30,2935.05004882812
"377",2021-10-01,2906.71997070312
"378",2021-10-04,2843.7099609375
"379",2021-10-05,2908.82006835938
"380",2021-10-06,2910.63989257812
"381",2021-10-07,2958.94995117188
"382",2021-10-08,2960.96997070312
"383",2021-10-11,2984.94995117188
"384",2021-10-12,2937.31005859375
"385",2021-10-13,2898.1298828125
"386",2021-10-14,2952.0400390625
"387",2021-10-15,2943.35009765625
"388",2021-10-18,2989.56005859375
"389",2021-10-19,3009.10009765625
"390",2021-10-20,3008.1298828125
"391",2021-10-21,3032.9599609375
"392",2021-10-22,3005.59008789062
"393",2021-10-25,2996.93994140625
"394",2021-10-26,3022.85009765625
"395",2021-10-27,3029.94995117188
"396",2021-10-28,3107.57006835938
"397",2021-10-29,3083.55004882812
"398",2021-11-01,3099.3701171875
"399",2021-11-03,3126.9599609375
"400",2021-11-04,3105.8798828125
"401",2021-11-05,3073.81005859375
"402",2021-11-08,3060.15991210938
"403",2021-11-09,3064
"404",2021-11-10,3054.89990234375
"405",2021-11-11,3059.85009765625
"406",2021-11-12,3074.43994140625
"407",2021-11-16,3130.92993164062
"408",2021-11-17,3178.330078125
"409",2021-11-18,3290.51000976562
"410",2021-11-19,3346.78002929688
"411",2021-11-22,3399.07006835938
"412",2021-11-23,3417.8798828125
"413",2021-11-24,3464.6298828125
"414",2021-11-25,3490
"415",2021-11-26,3445.34008789062
"416",2021-11-29,3473.84008789062
"417",2021-11-30,3534.8798828125
"418",2021-12-01,3554.4599609375
"419",2021-12-02,3483.15991210938
"420",2021-12-03,3427.53002929688
"421",2021-12-06,3514.4599609375
"422",2021-12-07,3580.78002929688
"423",2021-12-08,3663.419921875
"424",2021-12-09,3666.22998046875
"425",2021-12-10,3733.61010742188
"426",2021-12-13,3711.3701171875
"427",2021-12-14,3711.26000976562
"428",2021-12-15,3762.65991210938
"429",2021-12-16,3593.0400390625
"430",2021-12-17,3562.35009765625
"431",2021-12-20,3520.89990234375
"432",2021-12-21,3591.84008789062
"433",2021-12-22,3627.9599609375
"434",2021-12-23,3645.28002929688
"435",2021-12-24,3666.2900390625
"436",2021-12-27,3729.02001953125
"437",2021-12-28,3703.43994140625
"438",2021-12-29,3697.2900390625
"439",2021-12-30,3660.31005859375
"440",2021-12-31,3644.28002929688
"441",2022-01-03,3719.68994140625
"442",2022-01-04,3701.27001953125
"443",2022-01-05,3604.1201171875
"444",2022-01-06,3531
"445",2022-01-07,3513.56005859375
"446",2022-01-10,3494.47998046875
"447",2022-01-11,3568.30004882812
"448",2022-01-12,3568.52001953125
"449",2022-01-13,3510.98999023438
"450",2022-01-14,3512.31005859375
"451",2022-01-17,3507
"452",2022-01-18,3469.44995117188
"453",2022-01-19,3413.17993164062
"454",2022-01-20,3387.80004882812
"455",2022-01-21,3332.53002929688
"456",2022-01-24,3296.2900390625
"457",2022-01-25,3311.73999023438
"458",2022-01-26,3302.5
"459",2022-01-27,3312.05004882812
"460",2022-01-28,3536.56005859375
"461",2022-01-31,3593.2099609375
"462",2022-02-01,3586.580078125
"463",2022-02-02,3607.330078125
"464",2022-02-03,3571.94995117188
"465",2022-02-04,3575.60009765625
"466",2022-02-08,3607.96997070312
"467",2022-02-09,3603.4599609375
"468",2022-02-10,3545.6298828125
"469",2022-02-11,3469.1201171875
"470",2022-02-14,3440.7099609375
"471",2022-02-15,3511.1201171875
"472",2022-02-16,3499.68994140625
"473",2022-02-17,3435.5
"474",2022-02-18,3394.93994140625
"475",2022-02-21,3305.6201171875
"476",2022-02-22,3335.6201171875
"477",2022-02-23,3245.8798828125
"478",2022-02-24,3324.1298828125
"479",2022-02-25,3354.69995117188
"480",2022-02-28,3363.63989257812
"481",2022-03-01,3363.81005859375
"482",2022-03-02,3438.56005859375
"483",2022-03-03,3422.01000976562
"484",2022-03-04,3418.4599609375
"485",2022-03-07,3404.81005859375
"486",2022-03-08,3364.68994140625
"487",2022-03-09,3408.330078125
"488",2022-03-10,3319.9599609375
"489",2022-03-11,3244.76000976562
"490",2022-03-14,3150.4599609375
"491",2022-03-15,3233.55004882812
"492",2022-03-16,3275.26000976562
"493",2022-03-17,3280.55004882812
"494",2022-03-18,3345.77001953125
"495",2022-03-22,3423.28002929688
"496",2022-03-23,3443.72998046875
"497",2022-03-24,3487.56005859375
"498",2022-03-25,3479.38989257812
"499",2022-03-28,3520.11010742188
"500",2022-03-29,3563.82006835938
"501",2022-03-30,3523.169921875
"502",2022-03-31,3492.85009765625
"503",2022-04-01,3446.0400390625
"504",2022-04-04,3534.3798828125
"505",2022-04-05,3490.61010742188
"506",2022-04-06,3460.81005859375
"507",2022-04-07,3478.59008789062
"508",2022-04-08,3412.09008789062
"509",2022-04-11,3302.61010742188
"510",2022-04-12,3322.72998046875
"511",2022-04-13,3372.68994140625
"512",2022-04-18,3262.34008789062
"513",2022-04-19,3359.1298828125
"514",2022-04-20,3340.55004882812
"515",2022-04-21,3362.169921875
"516",2022-04-22,3292.21997070312
"517",2022-04-25,3283.830078125
"518",2022-04-26,3206.8798828125
"519",2022-04-27,3198.98999023438
"520",2022-04-28,3347.46997070312
"521",2022-04-29,3227.419921875
"522",2022-05-02,3229.72998046875
"523",2022-05-03,3220.90991210938
"524",2022-05-04,3323.90991210938
"525",2022-05-05,3162.69995117188
"526",2022-05-06,3176.13989257812
"527",2022-05-09,3094.46997070312
"528",2022-05-10,3149.81005859375
"529",2022-05-11,2971.7900390625
"530",2022-05-12,2865.169921875
"531",2022-05-13,2949.07006835938
"532",2022-05-16,2912.169921875
"533",2022-05-17,2975.42993164062
"534",2022-05-18,2819.5
"535",2022-05-19,2735.23999023438
"536",2022-05-20,2720.9599609375
"537",2022-05-23,2830.36010742188
"538",2022-05-24,2783.02001953125
"539",2022-05-25,2782.09008789062
"540",2022-05-26,2847.6201171875
"541",2022-05-27,2917.02001953125
"542",2022-05-30,2899.65991210938
"543",2022-05-31,2936.22998046875
"544",2022-06-01,2946.1201171875
"545",2022-06-02,2945.01000976562
"546",2022-06-03,2843.02001953125
"547",2022-06-06,2860.7099609375
"548",2022-06-07,2910.68994140625
"549",2022-06-08,2896.06005859375
"550",2022-06-09,2818.69995117188
"551",2022-06-10,2758.64990234375
"552",2022-06-13,2702.34008789062
"553",2022-06-14,2741.25
"554",2022-06-15,2756.05004882812
"555",2022-06-16,2642.42993164062
"556",2022-06-17,2683.03002929688
"557",2022-06-20,2675
"558",2022-06-21,2738.15991210938
"559",2022-06-22,2717.51000976562
"560",2022-06-23,2769.30004882812
"561",2022-06-24,2799.38989257812
"562",2022-06-27,2814.40991210938
"563",2022-06-28,2773.77001953125
"564",2022-06-29,2800.05004882812
"565",2022-06-30,2748.73999023438
"566",2022-07-01,2804.11010742188
"567",2022-07-04,2784.6201171875
"568",2022-07-05,2899.80004882812
"569",2022-07-06,2951.5400390625
"570",2022-07-07,2997.6201171875
"571",2022-07-08,3006.17993164062
"572",2022-07-11,3002.30004882812
"573",2022-07-12,3038.40991210938
"574",2022-07-13,3021.67993164062
"575",2022-07-14,3085.05004882812
"576",2022-07-15,3074.61010742188
"577",2022-07-18,3014.15991210938
"578",2022-07-19,3094.830078125
"579",2022-07-20,3146.330078125
"580",2022-07-21,3204.71997070312
"581",2022-07-22,3163.53002929688
"582",2022-07-25,3127.07006835938
"583",2022-07-26,3097.80004882812
"584",2022-07-27,3190.82006835938
"585",2022-07-28,3188.68994140625
"586",2022-07-29,3318.10009765625
"587",2022-08-01,3283.7099609375
"588",2022-08-02,3327.55004882812
"589",2022-08-03,3404.14990234375
"590",2022-08-04,3367.59008789062
"591",2022-08-05,3369.580078125
"592",2022-08-08,3342.34008789062
"593",2022-08-09,3339.73999023438
"594",2022-08-10,3381.01000976562
"595",2022-08-11,3366.4599609375
"596",2022-08-12,3411.919921875
"597",2022-08-15,3436.14990234375
"598",2022-08-16,3442.10009765625
"599",2022-08-17,3485.51000976562
"600",2022-08-18,3505.77001953125
"601",2022-08-19,3459.02001953125
"602",2022-08-22,3371.88989257812
"603",2022-08-23,3343.0400390625
"604",2022-08-24,3336.7900390625
"605",2022-08-25,3377.34008789062
"606",2022-08-26,3288.01000976562
"607",2022-08-29,3241.82006835938
"608",2022-08-30,3188.10009765625
"609",2022-08-31,3181.38989257812
"610",2022-09-01,3178.05004882812
"611",2022-09-02,3102.75
"612",2022-09-05,3152
"613",2022-09-06,3105.56005859375
"614",2022-09-07,3122.28002929688
"615",2022-09-08,3076.78002929688
"616",2022-09-09,3134.3701171875
"617",2022-09-12,3246.80004882812
"618",2022-09-13,3092.84008789062
"619",2022-09-14,3103.39990234375
"620",2022-09-15,3052.56005859375
"621",2022-09-19,3068.8701171875
"622",2022-09-20,3138.21997070312
"623",2022-09-21,3093.96997070312
"624",2022-09-22,3064.169921875
"625",2022-09-23,3029.80004882812
"626",2022-09-26,3077.42993164062
"627",2022-09-27,3096
"628",2022-09-28,3020.69995117188
"629",2022-09-29,2872.169921875
"630",2022-09-30,2810.25
"631",2022-10-03,2855.419921875
"632",2022-10-04,2908.94995117188
"633",2022-10-05,2935.17993164062
"634",2022-10-06,2927.90991210938
"635",2022-10-07,2816.09008789062
"636",2022-10-10,2816.34008789062
"637",2022-10-11,2787.51000976562
"638",2022-10-12,2770.63989257812
"639",2022-10-13,2861.76000976562
"640",2022-10-14,2781.669921875
"641",2022-10-17,2850.19995117188
"642",2022-10-18,2869.09008789062
"643",2022-10-19,2884.15991210938
"644",2022-10-20,2874.42993164062
"645",2022-10-21,2937.96997070312
"646",2022-10-24,2977.13989257812
"647",2022-10-25,3022.23999023438
"648",2022-10-26,2973.14990234375
"649",2022-10-27,2874.580078125
"650",2022-10-28,3082.919921875
"651",2022-10-31,3034.580078125
"652",2022-11-01,2975
"653",2022-11-03,2743.35009765625
"654",2022-11-04,2691.19995117188
"655",2022-11-07,2702.97998046875
"656",2022-11-08,2740
"657",2022-11-09,2639.0400390625
"658",2022-11-10,2826.1201171875
"659",2022-11-11,2914.28002929688
"660",2022-11-14,2875.830078125
"661",2022-11-15,2905.2099609375
"662",2022-11-16,2875
"663",2022-11-17,2916.14990234375
"664",2022-11-18,2945.60009765625
"665",2022-11-22,2915.03002929688
"666",2022-11-23,2920.01000976562
"667",2022-11-24,2901.11010742188
"668",2022-11-25,2867.669921875
"669",2022-11-28,2780.39990234375
"670",2022-11-29,2707.4599609375
"671",2022-11-30,2844.07006835938
"672",2022-12-01,2845.7900390625
"673",2022-12-02,2859.51000976562
"674",2022-12-05,2890.919921875
"675",2022-12-06,2812.03002929688
"676",2022-12-07,2769.98999023438
"677",2022-12-08,2799.82006835938
"678",2022-12-09,2814.63989257812
"679",2022-12-13,2845.77001953125
"680",2022-12-14,2810.85009765625
"681",2022-12-15,2692
"682",2022-12-16,2675.25
"683",2022-12-19,2608.5400390625
"684",2022-12-20,2616.64990234375
"685",2022-12-21,2657.69995117188
"686",2022-12-22,2582.67993164062
"687",2022-12-23,2552.0400390625
"688",2022-12-26,2630.3701171875
"689",2022-12-27,2541.67993164062
"690",2022-12-28,2447.40991210938
"691",2022-12-29,2530.580078125
"692",2022-12-30,2527.67993164062
"693",2023-01-02,2575
"694",2023-01-03,2429.6201171875
"695",2023-01-04,2438.6298828125
"696",2023-01-05,2416.01000976562
"697",2023-01-06,2480.01000976562
"698",2023-01-09,2494.22998046875
"699",2023-01-10,2488.26000976562
"700",2023-01-11,2520.669921875
"701",2023-01-12,2511.080078125
"702",2023-01-13,2532.44995117188
"703",2023-01-16,2513.67993164062
"704",2023-01-17,2533.09008789062
"705",2023-01-18,2550.080078125
"706",2023-01-19,2568.7900390625
"707",2023-01-20,2599.52001953125
"708",2023-01-23,2653.75
"709",2023-01-24,2672.64990234375
"710",2023-01-25,2666.14990234375
"711",2023-01-26,2702.18994140625
"712",2023-01-27,2745.48999023438
"713",2023-01-30,2688.419921875
"714",2023-01-31,2710.96997070312
"715",2023-02-01,2718.8701171875
"716",2023-02-02,2796.82006835938
"717",2023-02-03,2935.21997070312
"718",2023-02-07,2921.67993164062
"719",2023-02-08,2875.61010742188
"720",2023-02-09,2833.2099609375
"721",2023-02-10,2812.22998046875
"722",2023-02-13,2854.76000976562
"723",2023-02-14,2839.09008789062
"724",2023-02-15,2882.5400390625
"725",2023-02-16,2849.080078125
"726",2023-02-17,2795.23999023438
"727",2023-02-20,2790.09008789062
"728",2023-02-21,2745.01000976562
"729",2023-02-22,2728.01000976562
"730",2023-02-23,2747.32006835938
"731",2023-02-24,2685.55004882812
"732",2023-02-27,2712.97998046875
"733",2023-02-28,2714.75
"734",2023-03-01,2631.07006835938
"735",2023-03-02,2647.25
"736",2023-03-03,2709.51000976562
"737",2023-03-06,2773.17993164062
"738",2023-03-07,2747.07006835938
"739",2023-03-08,2747.13989257812
"740",2023-03-09,2759.82006835938
"741",2023-03-10,2734.71997070312
"742",2023-03-13,2857.169921875
"743",2023-03-14,2815.7099609375
"744",2023-03-15,2900
"745",2023-03-16,2922.68994140625
"746",2023-03-17,2940
"747",2023-03-21,2963.5
"748",2023-03-22,2949.0400390625
"749",2023-03-23,2966.11010742188
"750",2023-03-24,2953
"751",2023-03-27,2914.14990234375
"752",2023-03-28,2868.06005859375
"753",2023-03-29,2908.77001953125
"754",2023-03-30,2939.43994140625
"755",2023-03-31,2963.05004882812
"756",2023-04-03,2998.0400390625
"757",2023-04-04,2992.56005859375
"758",2023-04-05,2990.73999023438
"759",2023-04-10,2939.25
"760",2023-04-11,2921.06005859375
"761",2023-04-12,2897.60009765625
"762",2023-04-13,2980.82006835938
"763",2023-04-14,2981.98999023438
"764",2023-04-17,2978.96997070312
"765",2023-04-18,3002.080078125
"766",2023-04-19,3017.93994140625
"767",2023-04-20,2998.5400390625
"768",2023-04-21,2969
"769",2023-04-24,2975.09008789062
"770",2023-04-25,2969.46997070312
"771",2023-04-26,2964.81005859375
"772",2023-04-27,3038.07006835938
"773",2023-04-28,3042.17993164062
"774",2023-05-02,3036
"775",2023-05-03,2999.94995117188
"776",2023-05-04,2971.8798828125
"777",2023-05-05,3085.86010742188
"778",2023-05-08,3086.64990234375
"779",2023-05-09,3052.3701171875
"780",2023-05-10,3049.5
"781",2023-05-11,3053.5
"782",2023-05-12,3036.330078125
"783",2023-05-15,2996.86010742188
"784",2023-05-16,3014
"785",2023-05-17,3031.42993164062
"786",2023-05-18,3095.34008789062
"787",2023-05-19,3109.89990234375
"788",2023-05-22,3117.82006835938
"789",2023-05-23,3083.2099609375
"790",2023-05-24,3065.64990234375
"791",2023-05-25,3094.06005859375
"792",2023-05-26,3092.080078125
"793",2023-05-29,3093.080078125
"794",2023-05-30,3125.72998046875
"795",2023-05-31,3161.82006835938
"796",2023-06-01,3159.73999023438
"797",2023-06-02,3175.17993164062
"798",2023-06-05,3130.1298828125
"799",2023-06-06,3118.07006835938
"800",2023-06-07,3085.39990234375
"801",2023-06-08,3140.580078125
"802",2023-06-09,3130.8798828125
"803",2023-06-12,3169.40991210938
"804",2023-06-13,3151.14990234375
"805",2023-06-14,3147.17993164062
"806",2023-06-15,3181.60009765625
"807",2023-06-16,3158.23999023438
"808",2023-06-19,3161.98999023438
"809",2023-06-20,3185.52001953125
"810",2023-06-21,3148.36010742188
"811",2023-06-22,3200.23999023438
"812",2023-06-23,3207.5400390625
"813",2023-06-26,3179.64990234375
"814",2023-06-27,3196.72998046875
"815",2023-06-28,3226.6298828125
"816",2023-06-29,3237.76000976562
"817",2023-06-30,3320.92993164062
"818",2023-07-03,3300.13989257812
"819",2023-07-04,3310
"820",2023-07-05,3256.7900390625
"821",2023-07-06,3303.11010742188
"822",2023-07-07,3275.09008789062
"823",2023-07-10,3213.92993164062
"824",2023-07-11,3203.81005859375
"825",2023-07-12,3204.78002929688
"826",2023-07-13,3210.51000976562
"827",2023-07-14,3182.13989257812
"828",2023-07-17,3245.92993164062
"829",2023-07-18,3253.07006835938
"830",2023-07-19,3267.35009765625
"831",2023-07-20,3265.84008789062
"832",2023-07-21,3262.78002929688
"833",2023-07-24,3243.38989257812
"834",2023-07-25,3274.61010742188
"835",2023-07-26,3270.4599609375
"836",2023-07-27,3251.52001953125
"837",2023-07-28,3262.1201171875
"838",2023-07-31,3284.98999023438
"839",2023-08-01,3303.93994140625
"840",2023-08-02,3281.11010742188
"841",2023-08-03,3301.21997070312
"842",2023-08-04,3116.3798828125
"843",2023-08-07,3050.25
"844",2023-08-08,3077.88989257812
"845",2023-08-09,3046.44995117188
"846",2023-08-10,3029.17993164062
"847",2023-08-11,3026.5400390625
"848",2023-08-14,3054.90991210938
"849",2023-08-15,3033.169921875
"850",2023-08-16,3029.6298828125
"851",2023-08-17,2980
"852",2023-08-18,2973
"853",2023-08-21,2993.6298828125
"854",2023-08-22,2998.169921875
"855",2023-08-23,3043.61010742188
"856",2023-08-24,2964.63989257812
"857",2023-08-25,2999.15991210938
"858",2023-08-28,3020
"859",2023-08-29,3098.97998046875
"860",2023-08-30,3144.67993164062
"861",2023-08-31,3210.72998046875
"862",2023-09-01,3235.98999023438
"863",2023-09-04,3230
"864",2023-09-05,3303.84008789062
"865",2023-09-06,3200.47998046875
"866",2023-09-07,3125.93994140625
"867",2023-09-08,3136.080078125
"868",2023-09-11,3110.59008789062
"869",2023-09-12,3034.26000976562
"870",2023-09-13,2995.57006835938
"871",2023-09-14,3006.89990234375
"872",2023-09-15,2982.39990234375
"873",2023-09-18,3048.919921875
"874",2023-09-19,3057.75
"875",2023-09-20,3004.9599609375
"876",2023-09-21,3000
"877",2023-09-22,3003.97998046875
"878",2023-09-25,3056.93994140625
"879",2023-09-26,3017.92993164062
"880",2023-09-27,3008.84008789062
"881",2023-09-28,2994.39990234375
"882",2023-09-29,2990.27001953125
"883",2023-10-02,3058.96997070312
"884",2023-10-03,3094.669921875
"885",2023-10-04,3131.84008789062
"886",2023-10-05,3192.05004882812
"887",2023-10-06,3229.13989257812
"888",2023-10-09,3251.96997070312
"889",2023-10-10,3196.89990234375
"890",2023-10-11,3199.78002929688
"891",2023-10-12,3251.9599609375
"892",2023-10-13,3230.19995117188
"893",2023-10-16,3197.71997070312
"894",2023-10-17,3180.0400390625
"895",2023-10-18,3198.1298828125
"896",2023-10-19,3212.65991210938
"897",2023-10-20,3157.05004882812
"898",2023-10-23,3142.3701171875
"899",2023-10-24,3162.1201171875
"900",2023-10-25,3137.169921875
"901",2023-10-26,3030.34008789062
"902",2023-10-27,3039.55004882812
"903",2023-10-30,3073.3701171875
"904",2023-10-31,3072.26000976562
"905",2023-11-01,3102.36010742188
"906",2023-11-03,3074.919921875
"907",2023-11-06,3138
"908",2023-11-07,3175.85009765625
"909",2023-11-08,3207.64990234375
"910",2023-11-09,3250.07006835938
"911",2023-11-10,3287.35009765625
"912",2023-11-13,3250.42993164062
"913",2023-11-14,3258.30004882812
"914",2023-11-15,3255.56005859375
"915",2023-11-16,3271.98999023438
"916",2023-11-17,3269.2900390625
"917",2023-11-21,3275.09008789062
"918",2023-11-22,3280.0400390625
"919",2023-11-23,3265
"920",2023-11-24,3244.51000976562
"921",2023-11-27,3252.61010742188
"922",2023-11-28,3255.7099609375
"923",2023-11-29,3265.1201171875
"924",2023-11-30,3289.03002929688
"925",2023-12-01,3288.59008789062
"926",2023-12-04,3306.85009765625
"927",2023-12-05,3356.669921875
"928",2023-12-06,3322.42993164062
"929",2023-12-07,3389.669921875
"930",2023-12-08,3394.48999023438
"931",2023-12-11,3360.71997070312
"932",2023-12-13,3410.81005859375
"933",2023-12-14,3401.15991210938
"934",2023-12-15,3405.55004882812
"935",2023-12-18,3370.25
"936",2023-12-19,3358.919921875
"937",2023-12-20,3347.63989257812
"938",2023-12-21,3317.169921875
"939",2023-12-22,3291.06005859375
"940",2023-12-26,3277.830078125
"941",2023-12-27,3265.39990234375
"942",2023-12-28,3286.419921875
"943",2023-12-29,3265.01000976562
"944",2024-01-02,3146.919921875
"945",2024-01-03,3138.2900390625
"946",2024-01-04,3097.67993164062
"947",2024-01-05,3054.03002929688
"948",2024-01-08,3119.4599609375
"949",2024-01-09,3137.94995117188
"950",2024-01-10,3153.72998046875
"951",2024-01-11,3137.8701171875
"952",2024-01-12,3136.67993164062
"953",2024-01-15,3130
"954",2024-01-16,3158.93994140625
"955",2024-01-17,3149.84008789062
"956",2024-01-18,3244.40991210938
"957",2024-01-19,3277.61010742188
"958",2024-01-22,3327.34008789062
"959",2024-01-23,3370.86010742188
"960",2024-01-24,3350.09008789062
"961",2024-01-25,3338.94995117188
"962",2024-01-26,3294.43994140625
"963",2024-01-29,3300.47998046875
"964",2024-01-30,3226.2099609375
"965",2024-01-31,3186.23999023438
"966",2024-02-01,3191.14990234375
"967",2024-02-02,3195.28002929688
"968",2024-02-06,3220.94995117188
"969",2024-02-07,3228.4599609375
"970",2024-02-08,3229.81005859375
"971",2024-02-09,3224.82006835938
"972",2024-02-12,3195
"973",2024-02-13,3180.90991210938
"974",2024-02-14,3143
"975",2024-02-15,3131.39990234375
"976",2024-02-16,3100.8701171875
"977",2024-02-19,3123.5
"978",2024-02-20,3095.13989257812
"979",2024-02-21,3103.35009765625
"980",2024-02-22,3155.919921875
"981",2024-02-23,3124.10009765625
"982",2024-02-26,3100
"983",2024-02-27,3117.76000976562
"984",2024-02-28,3095.919921875
"985",2024-02-29,3078.71997070312
"986",2024-03-01,3058.88989257812
"987",2024-03-04,2970.68994140625
"988",2024-03-05,2883.64990234375
"989",2024-03-06,2858.11010742188
"990",2024-03-07,2857.47998046875
"991",2024-03-08,2879.57006835938
"992",2024-03-11,2906.42993164062
"993",2024-03-12,2914.72998046875
"994",2024-03-13,2860.830078125
"995",2024-03-14,2890.1201171875
"996",2024-03-15,2871.2099609375
"997",2024-03-19,2966.68994140625
"998",2024-03-20,2975.7099609375
"999",2024-03-21,2866.080078125
"1000",2024-03-22,2887.84008789062
"1001",2024-03-25,2863.31005859375
"1002",2024-03-26,2834.0400390625
"1003",2024-03-27,2874.42993164062
"1004",2024-04-01,2827.2099609375
"1005",2024-04-02,2799.78002929688
"1006",2024-04-03,2810
"1007",2024-04-04,2807.03002929688
"1008",2024-04-05,2793.830078125
"1009",2024-04-08,2758.02001953125
"1010",2024-04-09,2782.63989257812
"1011",2024-04-10,2766.31005859375
"1012",2024-04-11,2879.71997070312
"1013",2024-04-12,2938
"1014",2024-04-15,2889.26000976562
"1015",2024-04-16,2893.77001953125
"1016",2024-04-17,2860.4599609375
"1017",2024-04-18,2851.30004882812
"1018",2024-04-19,2826.31005859375
"1019",2024-04-22,2846.080078125
"1020",2024-04-23,2830.169921875
"1021",2024-04-24,2882.42993164062
"1022",2024-04-25,2925.44995117188
"1023",2024-04-26,2913.84008789062
"1024",2024-04-29,2949.44995117188
"1025",2024-04-30,2928.03002929688
"1026",2024-05-02,2940.419921875
"1027",2024-05-03,3115.28002929688
"1028",2024-05-06,3069.60009765625
"1029",2024-05-07,3081.2099609375
"1030",2024-05-08,3089.73999023438
"1031",2024-05-09,3103.40991210938
"1032",2024-05-10,3071.330078125
"1033",2024-05-13,3142
"1034",2024-05-14,3161.64990234375
"1035",2024-05-15,3167.40991210938
"1036",2024-05-16,3165.03002929688
"1037",2024-05-17,3154.30004882812
"1038",2024-05-20,3156.69995117188
"1039",2024-05-21,3203
"1040",2024-05-22,3176.78002929688
"1041",2024-05-23,3130
"1042",2024-05-24,3170.419921875
"1043",2024-05-27,3150
"1044",2024-05-28,3188.35009765625
"1045",2024-05-29,3233.44995117188
"1046",2024-05-30,3249.69995117188
"1047",2024-05-31,3245.75
"1048",2024-06-03,3427.78002929688
"1049",2024-06-04,3480.27001953125
"1050",2024-06-05,3434.26000976562
"1051",2024-06-06,3491
"1052",2024-06-07,3614.330078125
"1053",2024-06-10,3520.419921875
"1054",2024-06-11,3807.830078125
"1055",2024-06-12,4014.30004882812
"1056",2024-06-13,3960.30004882812
"1057",2024-06-14,3914.25
"1058",2024-06-17,4025.60009765625
"1059",2024-06-18,3958.59008789062
"1060",2024-06-19,3975.01000976562
"1061",2024-06-20,3845.3798828125
"1062",2024-06-21,3797.4599609375
"1063",2024-06-24,3745.42993164062
"1064",2024-06-25,3797.82006835938
"1065",2024-06-26,3909.4599609375
"1066",2024-06-27,3930.61010742188
"1067",2024-06-28,3889.34008789062
"1068",2024-07-01,3968.4599609375
"1069",2024-07-02,4013.93994140625
"1070",2024-07-03,4009.57006835938
"1071",2024-07-04,4019
"1072",2024-07-05,4083.27001953125
"1073",2024-07-08,4088.580078125
"1074",2024-07-09,4089.7900390625
"1075",2024-07-10,4142.7099609375
"1076",2024-07-11,4060.419921875
"1077",2024-07-12,4067.8701171875
"1078",2024-07-15,4151.490234375
"1079",2024-07-16,4140.91015625
"1080",2024-07-17,4064.30004882812
"1081",2024-07-18,4031.21997070312
"1082",2024-07-19,4061.25
"1083",2024-07-22,4019.82006835938
"1084",2024-07-23,4083.4599609375
"1085",2024-07-24,4005.13989257812
"1086",2024-07-25,4023.8798828125
"1087",2024-07-26,4014.23999023438
"1088",2024-07-29,4077.1298828125
"1089",2024-07-30,4115.56005859375
"1090",2024-07-31,4136
"1091",2024-08-01,4103.18994140625
"1092",2024-08-02,4228.25
"1093",2024-08-05,4034.9599609375
"1094",2024-08-06,4043.94995117188
"1095",2024-08-07,4065.64990234375
"1096",2024-08-08,4049.06005859375
"1097",2024-08-09,4074.88989257812
"1098",2024-08-12,4136
"1099",2024-08-13,4191.7998046875
"1100",2024-08-14,4164.8701171875
"1101",2024-08-15,4187.009765625
"1102",2024-08-16,4210.97021484375
"1103",2024-08-19,4207.5
"1104",2024-08-20,4301.14990234375
"1105",2024-08-21,4355.93994140625
"1106",2024-08-22,4367.18017578125
"1107",2024-08-23,4327.3798828125
"1108",2024-08-26,4391
"1109",2024-08-27,4491.66015625
"1110",2024-08-28,4449.4501953125
"1111",2024-08-29,4564.4501953125
"1112",2024-08-30,4506.240234375
"1113",2024-09-02,4540
"1114",2024-09-03,4400
"1115",2024-09-04,4406.18017578125
"1116",2024-09-05,4427.02978515625
"1117",2024-09-06,4421.4501953125
"1118",2024-09-09,4380.47021484375
"1119",2024-09-10,4434.31005859375
"1120",2024-09-11,4400
"1121",2024-09-12,4344
"1122",2024-09-13,4286.68994140625
"1123",2024-09-17,4136
"1124",2024-09-18,4260.47998046875
"1125",2024-09-19,4412.669921875
"1126",2024-09-20,4510.080078125
"1127",2024-09-23,4394.52978515625
"1128",2024-09-24,4394.5
"1129",2024-09-25,4428.009765625
"1130",2024-09-26,4457.8798828125
"1131",2024-09-27,4488
"1132",2024-09-30,4569.22021484375
"1133",2024-10-02,4404.830078125
"1134",2024-10-03,4360.2900390625
"1135",2024-10-04,4365.18017578125
"1136",2024-10-07,4285.22021484375
"1137",2024-10-08,4363.27001953125
"1138",2024-10-09,4466.2001953125
"1139",2024-10-10,4466.2998046875
"1140",2024-10-11,4405.10986328125
"1141",2024-10-14,4487.47998046875
"1142",2024-10-15,4606.83984375
"1143",2024-10-16,4619.990234375
"1144",2024-10-17,4609.64990234375
"1145",2024-10-18,4675
"1146",2024-10-21,4713.93994140625
"1147",2024-10-22,4696.2998046875
"1148",2024-10-23,4564.330078125
"1149",2024-10-24,4570
"1150",2024-10-25,4630.85009765625
"1151",2024-10-28,4673.919921875
"1152",2024-10-29,4703.490234375
"1153",2024-10-30,4642.0498046875
"1154",2024-10-31,4535.47998046875
"1155",2024-11-01,4517.14013671875
"1156",2024-11-04,4466.89013671875
"1157",2024-11-05,4479.5
"1158",2024-11-06,4474.1201171875
"1159",2024-11-07,4514.77001953125
"1160",2024-11-08,4580
"1161",2024-11-11,4551.83984375
"1162",2024-11-12,4619.72998046875
"1163",2024-11-13,4611.60009765625
"1164",2024-11-14,4661.22998046875
"1165",2024-11-15,4588
"1166",2024-11-19,4591
"1167",2024-11-20,4629
"1168",2024-11-21,4663.330078125
"1169",2024-11-22,4705.740234375
"1170",2024-11-25,4689.39013671875
"1171",2024-11-26,4855.66015625
"1172",2024-11-27,4834.89013671875
"1173",2024-11-28,4768
"1174",2024-11-29,4850
"1175",2024-12-02,4886
"1176",2024-12-03,4930.41015625
"1177",2024-12-04,4935.56005859375
"1178",2024-12-05,4902.02001953125
"1179",2024-12-06,4898.18994140625
"1180",2024-12-09,4997.56005859375
"1181",2024-12-10,4991.64013671875
"1182",2024-12-11,4959.25
"1183",2024-12-13,4995.16015625
"1184",2024-12-16,5046.39013671875
"1185",2024-12-17,5106.64013671875
"1186",2024-12-18,5070.39013671875
"1187",2024-12-19,5070.14990234375
"1188",2024-12-20,5083.75
"1189",2024-12-23,5149.4501953125
"1190",2024-12-24,5185.75
"1191",2024-12-26,5240
"1192",2024-12-27,5178.83984375
"1193",2024-12-30,5208.64990234375
"1194",2024-12-31,5229.22998046875
"1195",2025-01-02,5016.22021484375
"1196",2025-01-03,5016.97021484375
"1197",2025-01-06,4976.009765625
"1198",2025-01-07,4911.1298828125
"1199",2025-01-08,4938.68994140625
"1200",2025-01-09,4985
"1201",2025-01-10,4903.22998046875
"1202",2025-01-13,4858.919921875
"1203",2025-01-14,4784.14013671875
"1204",2025-01-15,4865.669921875
"1205",2025-01-16,4767.240234375
"1206",2025-01-17,4768.990234375
"1207",2025-01-20,4840
"1208",2025-01-21,4579.830078125
"1209",2025-01-22,4577.5
"1210",2025-01-23,4536.06005859375
"1211",2025-01-24,4514.47021484375
"1212",2025-01-27,4749.6298828125
"1213",2025-01-28,4896.330078125
"1214",2025-01-29,4909.259765625
"1215",2025-01-30,4912.64013671875
"1216",2025-01-31,4863.64013671875
"1217",2025-02-04,4770.2099609375
"1218",2025-02-05,4768.35009765625
"1219",2025-02-06,4757.06005859375
"1220",2025-02-07,4678.43017578125
"1221",2025-02-10,4680.7900390625
"1222",2025-02-11,4780.3701171875
"1223",2025-02-12,4860.60986328125
"1224",2025-02-13,4926.60986328125
"1225",2025-02-14,4961.22021484375
"1226",2025-02-17,4908.16015625
"1227",2025-02-18,4931.3701171875
"1228",2025-02-19,5006.6201171875
"1229",2025-02-20,4983.52978515625
"1230",2025-02-21,5018.52978515625
"1231",2025-02-24,5060
"1232",2025-02-25,5058.5
"1233",2025-02-26,4905.56982421875
"1234",2025-02-27,4882.0498046875
"1235",2025-02-28,4915.72998046875
"1236",2025-03-03,4904.66015625
"1237",2025-03-04,4952.580078125
"1238",2025-03-05,4802.47998046875
"1239",2025-03-06,4769.990234375
"1240",2025-03-07,4839.43017578125
"1241",2025-03-10,4628.2998046875
"1242",2025-03-11,4482.85986328125
"1243",2025-03-12,4367.08984375
"1244",2025-03-13,4195.16015625
"1245",2025-03-14,4251.47021484375
"1246",2025-03-18,4233.259765625
"1247",2025-03-19,4316.830078125
"1248",2025-03-20,4312.58984375
"1249",2025-03-21,4399.77001953125
"1250",2025-03-24,4416.81005859375
"1251",2025-03-25,4492.16015625
"1252",2025-03-26,4456.64990234375
"1253",2025-03-27,4547.14990234375
"1254",2025-03-28,4451.72021484375
"1255",2025-03-31,4544.7900390625
"1256",2025-04-01,4530.06982421875
"1257",2025-04-02,4579.6201171875
"1258",2025-04-03,4038
